{"cameraMode":{"drawMode":0,"name":"Shaded","section":"Shading Mode"},"sceneLighting":true,"audioPlay":false,"sceneViewState":{"showFog":true,"showMaterialUpdate":false,"showSkybox":true,"showFlares":true,"showImageEffects":true,"showParticleSystems":true,"showVisualEffectGraphs":true,"m_FxEnabled":true},"in2DMode":false,"pivot":{"x":0.8103044033050537,"y":-1.8298134803771973,"z":0.026813745498657228},"rotation":{"x":0.01799246482551098,"y":-0.026992233470082284,"z":0.0004858788743149489,"w":0.9994744658470154},"size":7.849855899810791,"orthographic":true}