{"cameraMode":{"drawMode":0,"name":"Shaded","section":"Shading Mode"},"sceneLighting":false,"audioPlay":false,"sceneViewState":{"showFog":true,"showMaterialUpdate":false,"showSkybox":false,"showFlares":true,"showImageEffects":true,"showParticleSystems":true,"showVisualEffectGraphs":true,"m_FxEnabled":true},"in2DMode":false,"pivot":{"x":-1.6499614715576172,"y":0.4663054347038269,"z":-0.2959973216056824},"rotation":{"x":0.13059937953948975,"y":0.12309947609901428,"z":-0.016341719776391984,"w":0.98363196849823},"size":0.000017344029402011074,"orthographic":true}