{"cameraMode":{"drawMode":0,"name":"Shaded","section":"Shading Mode"},"sceneLighting":false,"audioPlay":false,"sceneViewState":{"showFog":true,"showMaterialUpdate":false,"showSkybox":false,"showFlares":true,"showImageEffects":true,"showParticleSystems":true,"showVisualEffectGraphs":true,"m_FxEnabled":true},"in2DMode":false,"pivot":{"x":-1.6499614715576172,"y":0.4663054347038269,"z":-0.2959973216056824},"rotation":{"x":0.23991373181343079,"y":0.16647975146770478,"z":-0.04179859533905983,"w":0.9555036425590515},"size":0.000022127072952571325,"orthographic":true}